{"name":"YesNo","identifier":"TLZERQT4Z6","description":null,"slotTypeValues":[{"synonyms":[{"value":"sí"},{"value":"correcta"},{"value":"correcto"},{"value":"correcta"},{"value":"bien"},{"value":"bueno"},{"value":"OK"}],"sampleValue":{"value":"Yes"}},{"synonyms":[{"value":"no"},{"value":"equivocado"},{"value":"incorrecta"},{"value":"incorrecto"}],"sampleValue":{"value":"No"}}],"parentSlotTypeSignature":null,"valueSelectionSetting":{"resolutionStrategy":"TOP_RESOLUTION","advancedRecognitionSetting":null,"regexFilter":null}}